{"mean":{"confidence_interval":{"confidence_level":0.95,"lower_bound":93366925.33500001,"upper_bound":118455983.34549998},"point_estimate":103251173.72,"standard_error":6642893.821142691},"median":{"confidence_interval":{"confidence_level":0.95,"lower_bound":85154625.0,"upper_bound":91258125.0},"point_estimate":87254083.0,"standard_error":1728387.3706043342},"median_abs_dev":{"confidence_interval":{"confidence_level":0.95,"lower_bound":7916032.696062326,"upper_bound":15440722.750872374},"point_estimate":10612420.218291879,"standard_error":1897816.3889052786},"slope":null,"std_dev":{"confidence_interval":{"confidence_level":0.95,"lower_bound":20226238.116783727,"upper_bound":109967741.01809894},"point_estimate":67193009.31320821,"standard_error":29424150.568819694}}