{"mean":{"confidence_interval":{"confidence_level":0.95,"lower_bound":-0.10628089247994513,"upper_bound":0.26295434970818304},"point_estimate":0.06176408523000254,"standard_error":0.09260135294061654},"median":{"confidence_interval":{"confidence_level":0.95,"lower_bound":0.007448013304690582,"upper_bound":0.08068535217415573},"point_estimate":0.036925494471327314,"standard_error":0.020191368826118147}}