{"mean":{"confidence_interval":{"confidence_level":0.95,"lower_bound":1033694808.4,"upper_bound":1041075241.8},"point_estimate":1037237708.4,"standard_error":1896115.887820704},"median":{"confidence_interval":{"confidence_level":0.95,"lower_bound":1031688833.0,"upper_bound":1044633833.0},"point_estimate":1035433583.5,"standard_error":3328520.9983988917},"median_abs_dev":{"confidence_interval":{"confidence_level":0.95,"lower_bound":573642.3927158117,"upper_bound":10103115.25143385},"point_estimate":6108343.026155233,"standard_error":2809618.663395313},"slope":null,"std_dev":{"confidence_interval":{"confidence_level":0.95,"lower_bound":3247679.944753667,"upper_bound":7341185.998828424},"point_estimate":6341699.629030028,"standard_error":954482.8181442643}}