{"mean":{"confidence_interval":{"confidence_level":0.95,"lower_bound":0.3723941616842393,"upper_bound":0.5685583642570453},"point_estimate":0.4634992844585597,"standard_error":0.04923362236323905},"median":{"confidence_interval":{"confidence_level":0.95,"lower_bound":0.19098188504869618,"upper_bound":0.3526102472084054},"point_estimate":0.2696039673730466,"standard_error":0.03994269266130573}}