{"mean":{"confidence_interval":{"confidence_level":0.95,"lower_bound":-0.31799306255796983,"upper_bound":1.164907772099867},"point_estimate":0.221408710341372,"standard_error":0.3795816883055965},"median":{"confidence_interval":{"confidence_level":0.95,"lower_bound":0.11594995016273302,"upper_bound":0.42419139135875755},"point_estimate":0.32484975466295185,"standard_error":0.09500533258301644}}