{"mean":{"confidence_interval":{"confidence_level":0.95,"lower_bound":-0.05812251591577497,"upper_bound":-0.03475835827807835},"point_estimate":-0.046774654417832684,"standard_error":0.005914389262717387},"median":{"confidence_interval":{"confidence_level":0.95,"lower_bound":-0.05039751569145512,"upper_bound":-0.033907691679447155},"point_estimate":-0.045462264798835195,"standard_error":0.004269970593837689}}