{"mean":{"confidence_interval":{"confidence_level":0.95,"lower_bound":22680629.712666668,"upper_bound":23056235.344750006},"point_estimate":22861860.27666666,"standard_error":95542.98078520439},"median":{"confidence_interval":{"confidence_level":0.95,"lower_bound":22533361.166666664,"upper_bound":22891895.833333332},"point_estimate":22639222.166666664,"standard_error":90305.03920997027},"median_abs_dev":{"confidence_interval":{"confidence_level":0.95,"lower_bound":565333.6553633222,"upper_bound":1061211.9497597208},"point_estimate":871387.7563297721,"standard_error":126851.3949575869},"slope":null,"std_dev":{"confidence_interval":{"confidence_level":0.95,"lower_bound":763488.9890531023,"upper_bound":1161712.2042313078},"point_estimate":965484.4246890204,"standard_error":102436.43119733757}}