{"mean":{"confidence_interval":{"confidence_level":0.95,"lower_bound":985373787.6,"upper_bound":1000632004.1},"point_estimate":992683895.9,"standard_error":3919824.13877536},"median":{"confidence_interval":{"confidence_level":0.95,"lower_bound":982244083.5,"upper_bound":1002178249.5},"point_estimate":990324583.5,"standard_error":5181382.776813036},"median_abs_dev":{"confidence_interval":{"confidence_level":0.95,"lower_bound":3310151.294133067,"upper_bound":21817261.440566182},"point_estimate":13432447.682726383,"standard_error":4689382.482607407},"slope":null,"std_dev":{"confidence_interval":{"confidence_level":0.95,"lower_bound":6915705.041445338,"upper_bound":16834971.76587807},"point_estimate":13044735.037758768,"standard_error":2631859.304407224}}