{"mean":{"confidence_interval":{"confidence_level":0.95,"lower_bound":238241991.78399998,"upper_bound":447333892.86625},"point_estimate":309826968.73,"standard_error":66321754.23174061},"median":{"confidence_interval":{"confidence_level":0.95,"lower_bound":231658333.0,"upper_bound":249209875.0},"point_estimate":240727270.5,"standard_error":4359705.620396112},"median_abs_dev":{"confidence_interval":{"confidence_level":0.95,"lower_bound":21181782.026848197,"upper_bound":34370187.82350719},"point_estimate":26848309.519547224,"standard_error":3328038.952657545},"slope":null,"std_dev":{"confidence_interval":{"confidence_level":0.95,"lower_bound":29344069.078914754,"upper_bound":1143264242.4987636},"point_estimate":666996007.9659673,"standard_error":403335298.8403083}}